id_artista,nombre,genero_musical,pais,cache_eur,email_manager,telefono
ART-0050,Ruido Blanco,techno,venezuela,220.687,ruido.blanco@management.com,+34 603 895 645
ART-0118,  Fosforescente  ,Hip-Hop,Argetina,269617,correo sin arroba.com,+34 629 597 483
ART-0171,Grafito,JAZZ,EE.UU.,152310,@dominio.com,+34 612 976 369
ART-0178,Nirvana,Metall,Kolombia,"272,939",nirvana@yahoo.es,+34671555103
ART-0117,Estrépito,ska,ESPAÑA,82568,estrepito@musica.es,+34 659 330 166
ART-0146,Huracán,Electrónic,ESPAÑA,185706,huracan@management.com,624-464-938
ART-0012,Beto y los Fugitivos,POP,CHILE,228942,beto.y.los.fugitivos@gmail.com,614282218
ART-0207,Rapsodia,rock,CHILE,198744,rapsodia@musica.es,0034664343201
ART-0113,Canto Rodado,hip-hop,PORTUGAL,164813,canto.rodado@musica.es,646991504999
ART-0055,Pulso Urbano,FOLK,Brasil,135345,pulso.urbano@hotmail.com,641 746 937
ART-0045,Cuarto Creciente,folk, España,293241,cuarto.creciente@gmail.com,642587
ART-0221,CLAVE DE SOL,pop,Espana,164555€,tiene espacios @correo.com,0034684187049
ART-0161,Wavelength,flamenco,COLOMBIA,160448,wavelength@yahoo.es,638 124 318
ART-0037,Tercer Acto  ,Rokc,mexico,137951,tercer.acto@yahoo.es,681363974999
ART-0054,Destello,R & B,Italia,22.106,destello@hotmail.com,0034615353091
ART-0140,Bumerán,INDIE,México,197562€,bumeran@yahoo.es,663-411-827
ART-0195,Fénix,Metal,portugal,257286€,@dominio.com,+34 675686878
ART-0067,Sendero,Techno,Reino Unido,60814€,sendero@outlook.com,640 780 112
ART-0223, La Máquina,Indie,Francia,246392,la.maquina@musica.es,+34635812670
ART-0061,Viento Sur,Reguetón,Peru,136451,viento.sur@musica.es,+34 632 394 260
ART-0165,Atardecer,hip hop,R. Unido,39.258,atardecer@hotmail.com,+34641954112
ART-0109,Coral,ELECTRONICA,chile,288496,coral@outlook.com,613 311 507
ART-0147,ícaro,Pop,BRASIL,240955,-,672884
ART-0130,Relámpago,CUMBIA,Portugal,28454,relampago@management.com,633-822-301
ART-0145,Géminis,INDIE,Perú,133985,geminis@yahoo.es,+34678101741
ART-0052,Alma Libre,electronica,R. Dominicana,"243,062",alma.libre@yahoo.es,650885459
ART-0013,Alma Negra,techno,ITALIA,267161,alma.negra@hotmail.com,+34600076758
ART-0030,Impulso,Cumbia,Italia,139403,impulso@yahoo.es,+34 605917225
ART-0144,Fulgor,Flamenco,PERU,36483,fulgor@musica.es,
ART-0220,tercer acto,Rokc,mexico,137951,tercer.acto@yahoo.es,681363974999
ART-0184,Tundra,flamenco,venezuela,"83,806",tundra@outlook.com,0034612007214
ART-0222, Amanecer,REGGAETON,México,293590,correo sin arroba.com,659421007
ART-0011,La Máquina,Indie,Francia,246392,la.maquina@musica.es,+34635812670
ART-0119,Galaxia,salsa,españa,"5,030",galaxia@hotmail.com,
ART-0058,OASIS SONORO,Kunbia,Perú,7633,oasis.sonoro@outlook.com,687302916
ART-0210,Urano,POP,cuba,247148,urano@yahoo.es,629-698-906
ART-0006,THE ELECTRIC SHEEP,Hip-Hop,UK,192277,the.electric.sheep@yahoo.es,0034697861742
ART-0135,Watt,Metall,United Kingdom,"23,907",watt@management.com,0034660254091
ART-0072,Radio Pirata,TECHNO,Kolombia,38439€,no disponible,+34 693 916 665
ART-0003,DJ Voltaje,Folk,PORTUGAL,146852,dj.voltaje@gmail.com,+34628898923
ART-0149,Kaleidoscopio,ska,FRANCIA,178752,kaleidoscopio@outlook.com,+34 610 593 403
ART-0068,Amanecer,REGGAETON,México,293590,amanecer@musica.es,659421007
ART-0122,Jardín  Secreto,Jazz,colombia,242223,jardin.secreto@yahoo.es,+34 610 555 833
ART-0035,Melodía Errante,r&b,brasil,57673,melodia.errante@gmail.com,0034640962024
ART-0083,Lux,FLAMENCO,Reino Unido,181944,lux@musica.es,0034651401477
ART-0066,Ráfaga,FLAMENCO,chile,67206,rafaga@outlook.com,606895666
ART-0031,  Brisa Marina,Jaz,CUBA,69587€,brisa.marina@yahoo.es,692-747-083
ART-0096,Dharma,Reguetón,colombia,"283,805",dharma@yahoo.es,664672520
ART-0029,Frecuencia Zero,Ska,COLOMBIA,"139,656",N/A,0034646020613
ART-0005,  Luna Roja  ,flamenco,chile,190600,luna.roja@management.com,+34 613 556 182
ART-0025,Aurora Boreal,ska,PORTUGAL,130087,aurora.boreal@gmail.com,0034634999379
ART-0094,Alquimia,TECHNO,Venezuela,151048,alquimia@hotmail.com,690-968-005
ART-0173,Iridiscente,ELECTRONICA,brasil,"175,609",iridiscente@musica.es,+34 621 810 655
ART-0046,Horizonte,Salsa,R. Dominicana,265649,horizonte@musica.es,685585469
ART-0124,lava,metal,Rep. Dominicana,78.432,lava@hotmail.com,666319
ART-0125,Mosaico,R & B,portugal,236355,mosaico@musica.es,620261
ART-0208,salamandra,Techno,VENEZUELA,175569,salamandra@gmail.com,0034632560305
ART-0016,Cristal Roto,Metall,Chile,210.186,cristal.roto@management.com,602823170999
ART-0212,Willow,FOLK,US,177980,willow@outlook.com,647-268-285
ART-0087,Los Vagabundos,Tekno,ITALIA,280771€,los.vagabundos@yahoo.es,684712997
ART-0065,trópico,salsa,Chile,53704,tropico@yahoo.es,+34 606109013
ART-0228,Alma  Negra,techno,ITALIA,267161,tiene espacios @correo.com,+34600076758
ART-0229, Viento Sur,POP,Peru,136451,viento.sur@musica.es,+34 632 394 260
ART-0053,Corriente Alterna,R & B,Rep. Dominicana,222021,corriente.alterna@gmail.com,687 260 863
ART-0009,Noche Azul,Electrónic,CHILE,74206,noche.azul@musica.es,0034648586340
ART-0086,Vórtice,METAL,COLOMBIA,215946,vortice@hotmail.com,+34610779739
ART-0206,Quirón,Flamenco,Kolombia,204643,quiron@hotmail.com,0034697252113
ART-0156,  Rugido  ,regueton,Mexico,72160,rugido@outlook.com,+34642894344
ART-0213,Los  Olvidados,SKA,estados unidos,70369,los.olvidados@musica.es,+34 613 009 833
ART-0148,Jungla Urbana,HipHop,españa,101193€,jungla.urbana@gmail.com,653690
ART-0219,El Circo Eléctrico ,FLAMENCO,R. Dominicana,239043€,-,619997018
ART-0151,Meridiano,METAL,United Kingdom,185311,meridiano@management.com,607 698 469
ART-0167,Crepúsculo,electro,México,27531,crepusculo@outlook.com,+34643947691
ART-0209,Titán,INDIE,venezuela,"126,478",titan@yahoo.es,666743
ART-0073,Los Invisibles,hip hop,US,"284,105",los.invisibles@gmail.com,0034612257687
ART-0015,El Último Vals  ,R & B,Kolombia,68314,el.ultimo.vals@musica.es,0034697969689
ART-0123,  Kilómetro Cero  ,Techno,CHILE,179002,kilometro.cero@hotmail.com,+34646892354
ART-0211,Vestigio,ROCK,Chile,291.094,vestigio@musica.es,0034676475853
ART-0138,Zenit,Techno,peru,291739€,zenit@management.com,660306604999
ART-0157,Solsticio,metal,mexico,289356,solsticio@yahoo.es,626-975-128
ART-0095,VENTISCA,cumbia,Mexico,21668,ventisca@outlook.com,655-767-881
ART-0120,Helio,METAL,Francia,93114,helio@musica.es,+34 658548403
ART-0074,Magma,Cumbia,Republica Dominicana,11876,magma@management.com,637-333-543
ART-0187,Wisteria,Folk,venezuela,71.359,wisteria@outlook.com,634-529-507
ART-0192,  Cáctus  ,SALSA,ARGENTINA,115886,cactus@outlook.com,663193474999
ART-0133,ultramar,hip-hop,Colombia,"113,298",ultramar@outlook.com,668140959999
ART-0090,Altavoz,ELECTRONICA,México,201.563,altavoz@hotmail.com,661682508
ART-0128,Penumbra,Folk,venezuela,99691€,penumbra@outlook.com,646 095 437
ART-0154,Pólvora,folk,CUBA,"41,310",polvora@musica.es,603-478-029
ART-0041,Nómada,hip hop,Argetina,226385,nomada@musica.es,663-509-974
ART-0205,Prisma,indie,Kolombia,283029,prisma@hotmail.com,655902739999
ART-0169,Equinoccio,Reggaetón,Argetina,"186,018",no disponible,
ART-0217,el eco,Electrónica,Kolombia,122247,el.eco@hotmail.com,+34 655804273
ART-0136,Xenón,flamenco,ARGENTINA,163250,xenon@outlook.com,659135
ART-0042,Reverso,Cumbia,México,149785,reverso@management.com,626-726-767
ART-0110,Obsidiana,techno,italia,"290,058",obsidiana@hotmail.com,655 833 185
ART-0162,Xilófono,HIP HOP,Argentina,289799,xilofono@management.com,677-933-054
ART-0200,Kometa,Jazz,Kolombia,145519,kometa@management.com,0034602099943
ART-0232,los eternos,Salsa,italia,212978,los.eternos@outlook.com,+34 611 267 237
ART-0056,Clave de Sol,SALSA,Espana,164555€,clave.de.sol@outlook.com,0034684187049
ART-0104,Rayo,pop,RD,291564,rayo@hotmail.com,+34 679991301
ART-0057,Delirio,Pop,BRASIL,159116,delirio@musica.es,609255216999
ART-0107,Topacio,FOLK,EE.UU.,"117,155",topacio@gmail.com,+34 604180968
ART-0103,jade,Indie,Chile,100514,jade@outlook.com,0034616901217
ART-0049,Fusión Latina,Reggaeton,R. Dominicana,221276,fusion.latina@musica.es,+34 640 079 111
ART-0080,  Andén Cero  ,POP,italia,81725,anden.cero@management.com,632713
ART-0131,Sístole,Jaz,México,75149,sistole@yahoo.es,641551377999
ART-0051,Los Eternos,Jazz,italia,212978,los.eternos@outlook.com,+34 611 267 237
ART-0001,  Los Rebeldes  ,Cumbia,méxico,14112,los.rebeldes@hotmail.com,+34 679 254 563
ART-0152,Nebulosa,Cumbia,Italia,213971,nebulosa@management.com,+34 658810561
ART-0018,Los Olvidados,reggaeton,estados unidos,70369,los.olvidados@musica.es,+34 613 009 833
ART-0216,GRIETA,Electrónica,Colombia,"202,109",correo@,+34655692629
ART-0198,Iris,jazz,VENEZUELA,201529,iris@outlook.com,+34 672 109 613
ART-0215,vórtice,METAL,COLOMBIA,215946,vortice@hotmail.com,+34610779739
ART-0225,órbita,Indy,cuba,216364,correo@,687-512-508
ART-0077,Neón,Techno,Estados Unidos,1603,neon@musica.es,666906
ART-0185,Utopía,flamenco,Brasil,20555,utopia@hotmail.com,666-489-301
ART-0081,Grieta,flamenco,Colombia,"202,109",grieta@musica.es,+34655692629
ART-0168,Diáspora,Reguetón,cuba,84541€,diaspora@musica.es,667839
ART-0032,Código Rojo,Flamenco,españa,194575,codigo.rojo@hotmail.com,+34605354599
ART-0121,Incandescente,folk,VENEZUELA,41822,incandescente@musica.es,+34 654362516
ART-0033,Tierra Firme,regueton,ITALIA,131825,tierra.firme@yahoo.es,631-774-346
ART-0047,Latido,RnB,Cuba,"274,311",latido@hotmail.com,672 498 004
ART-0010,Ritmo Salvaje,electronica,US,259.744,,680 048 665
ART-0101,Los Descalzos,folk,Peru,284216,los.descalzos@management.com,+34 637546086
ART-0062,Nova Express,folk,USA,126998€,nova.express@management.com,0034692850100
ART-0039,Bajo Presión,Kunbia,RD,66339,bajo.presion@yahoo.es,0034617084279
ART-0108,Granito,folk,Rep. Dominicana,211563,granito@gmail.com,619 909 029
ART-0071,El Circo Eléctrico,metal,R. Dominicana,239043€,-,619997018
ART-0214,Ecos  del  Sur,Techno,peru,211.325,ecos.del.sur@hotmail.com,686282
ART-0043,La Tribu,Rock,ESPAÑA,129368,la.tribu@musica.es,+34 626 096 655
ART-0017,Fuego Lento,Reggaeton,portugal,116457€,notengo@email,689788
ART-0038,Callejón Sin Salida,pop,FRANCIA,100656,callejon.sin.salida@management.com,+34644318698
ART-0127,Oropel,Jaz,R. Dominicana,151511,N/A,+34 699176303
ART-0137,Yesca,r&b,CHILE,201211€,yesca@outlook.com,686057
ART-0078,Polvo de Estrella,rnb, España,107723,polvo.de.estrella@hotmail.com,
ART-0181,Quintaesencia,Techno,peru,77795,quintaesencia@yahoo.es,0034664300930
ART-0224,CÓDIGO ROJO,Techno,españa,194575,codigo.rojo@hotmail.com,+34605354599
ART-0141,Centella,R&B,BRASIL,246.948,centella@gmail.com,697607800999
ART-0179,Ónix,FLAMENCO,peru,139.601,onix@hotmail.com,639945150
ART-0044,Despertar,Folk,France,128.918,despertar@management.com,693403697999
ART-0134,Vendaval,techno,Brazil,277.054,sin email,692-992-167
ART-0063,Los Pioneros,Hip-Hop,ITALIA,"194,472",los.pioneros@musica.es,636361787
ART-0182,Rocío,reggaeton,Rep. Dominicana,283369,rocio@musica.es,+34 632542167
ART-0176,Laberinto,Metall,Espana,252893,laberinto@management.com,676 849 080
ART-0106,Ébano,rock ,Colombia,140129,correo sin arroba.com,668 885 632
ART-0075,Estática,salsa,FRANCIA,258805,estatica@outlook.com,+34 644 265 498
ART-0004,Café Quemado,Pop,méxico,200191,sin email,650 806 024
ART-0227, Lux,FLAMENCO,Reino Unido,181944,lux@musica.es,0034651401477
ART-0204,Oleaje,Kunbia,ITALIA,"224,976",oleaje@gmail.com,620027648
ART-0172,Hipnosis,jazz,CUBA,178778,hipnosis@yahoo.es,+34 606080513
ART-0196,Gaviota,flamenco,United Kingdom,162569€,gaviota@outlook.com,694 004 067
ART-0091,Espiral,Cumbia,ESPAÑA,244926,espiral@management.com,+34 640 151 803
ART-0164,Zodíaco,CUMBIA,ARGENTINA,219411,zodiaco@gmail.com,+34 691 937 914
ART-0007,Sombra Latina,electronica,reino unido,199943,sombra.latina@management.com,+34 630742311
ART-0166,Bermellón,Metal,RD,182.073,bermellon@hotmail.com,0034660343755
ART-0105,zafiro,Hip Hop,Rep. Dominicana,76858€,zafiro@musica.es,+34631934639
ART-0132,Titanio,Indie,ITALIA,173216,titanio@management.com,+34602446861
ART-0160,Vértigo,cumbia,Estados Unidos,181624,vertigo@musica.es,607 437 386
ART-0143,  Enigma,Rock,ITALIA,271205,enigma@management.com,625 140 847
ART-0115,Brújula,electronica,CHILE,162996,brujula@yahoo.es,+34 699451183
ART-0226,ecos del sur,R & B,peru,211.325,correo sin arroba.com,686282
ART-0193,Duende,R&B,ITALIA,115510,duende@management.com,610 482 769
ART-0023,Silencio Roto,ELECTRONICA,Argentina,156560,silencio.roto@gmail.com,678406
ART-0034,SINFONÍA URBANA,rnb,CUBA,93826,sinfonia.urbana@gmail.com,635-810-056
ART-0027,Voltio,FOLK,portugal,296170€,voltio@gmail.com,0034609233013
ART-0201,Loto,Reggaetón,Mexico,53.898,loto@outlook.com,
ART-0230,los invisibles,TECHNO,US,"284,105",-,0034612257687
ART-0114,Llamarada,Jazz,Mejico,147049,llamarada@outlook.com,+34 635896226
ART-0079,Los Satélites,Kunbia,Portugal,126.460,los.satelites@yahoo.es,615228
ART-0002,María del Mar,Roc,Espana,50123,maria.del.mar@musica.es,0034656306997
ART-0024,mala hierba,Flamenco,VENEZUELA,279463€,mala.hierba@musica.es,654 193 837
ART-0028,Eclipse Total,Jazz,CHILE,83704,eclipse.total@musica.es,689 038 526
ART-0093,Los Nocturnos,Metal,CHILE,12502,los.nocturnos@management.com,606582
ART-0082,TEMPESTAD,SKA,CUBA,267200,tempestad@gmail.com,619944
ART-0231,SÉPTIMO CIELO,Metal,R. Unido,152109€,septimo.cielo@outlook.com,+34 615 558 733
ART-0180,Pandora,METAL,ARGENTINA,257378€,pandora@yahoo.es,+34 650 961 690
ART-0202,MÁRMOL,Folk,ARGENTINA,283989,marmol@gmail.com,0034643038943
ART-0189,yacaré,Flamenko,peru,46475,yacare@gmail.com,
ART-0040,Sonido Ancestral,INDIE,italia,199781,sonido.ancestral@hotmail.com,
ART-0069,  Cenizas  ,Techno,Portugal,225830,cenizas@musica.es,610-896-797
ART-0188,Xéfiro,rock,brasil,177743,xefiro@musica.es,+34 654 423 996
ART-0019,  Estrella Polar  ,Jazz,Francia,216535,estrella.polar@management.com,0034614665841
ART-0183,  Sirocco,CUMBIA,VENEZUELA,279418,sirocco@hotmail.com,+34 618450513
ART-0064,Espejismo  ,Hip-Hop,argentina,64.258,espejismo@yahoo.es,637111151999
ART-0076,Séptimo Cielo,Metal,R. Unido,152109€,septimo.cielo@outlook.com,+34 615 558 733
ART-0159,Umbral,Indie,brasil,251958,umbral@outlook.com,660394
ART-0022,Cumbia Power,electro,FRANCIA,2130,cumbia.power@yahoo.es,674593
ART-0098,BAOBAB,JAZZ,Mejico,207870,@dominio.com,649 858 348
ART-0170,Floresta,Ppo,FRANCIA,71220€,floresta@management.com,0034675405783
ART-0150,LEVANTE,SALSA,RD,"95,611",levante@yahoo.es,657-192-331
ART-0175,Kryptonita,Jazz,ITALIA,58464,kryptonita@musica.es,0034677641510
ART-0048,El Eco,Electrónica,Kolombia,122247,el.eco@hotmail.com,+34 655804273
ART-0111,Los Errantes,Jaz,Francia,164852€,los.errantes@yahoo.es,657 965 485
ART-0097,Karma Sound,metal,Republica Dominicana,178584,karma.sound@outlook.com,653339667999
ART-0142,  Diapasón,Indy,Mexico,152048€,diapason@gmail.com,680092958999
ART-0092,Trueno,Metall,Chile,240.513,trueno@hotmail.com,677149951
ART-0059,Tormenta,SALSA,CUBA,"283,157",tormenta@outlook.com,611631697
ART-0126,Nadir,POP,United Kingdom,232844€,nadir@yahoo.es,+34 605047559
ART-0116,Cascabel,pop,BRASIL,"279,125",cascabel@outlook.com,676 181 117
ART-0070,Cascada,Reggaetón,Kolombia,"290,402",,694886005
ART-0163,Yunque,Electrónica,Italia,178009€,yunque@musica.es,677412924
ART-0008,Ecos del Sur,R & B,peru,211.325,ecos.del.sur@hotmail.com,686282
ART-0084,Órbita,Tekno,cuba,216364,correo@,687-512-508
ART-0199,Jacinto,Flamenko,Kolombia,117753,jacinto@gmail.com,633220
ART-0102,Terracota,Metal,peru,114911,terracota@hotmail.com,+34 648140388
ART-0153,Opalo,ELECTRONICA,Mexico,124729,opalo@yahoo.es,+34649790013
ART-0158,Tótem,regueton,CUBA,260009€,@dominio.com,608824561
ART-0197,  Helecho,flamenco,España ,37185€,helecho@outlook.com,+34 697 883 579
ART-0155,QUIMERA,FOLK,estados unidos,203.892,quimera@gmail.com,693144
ART-0088,Crisálida,Reggaetón,Brasil,48384,crisalida@gmail.com,+34 603885234
ART-0020,  Dani Flow,reggaeton,Argentina,282168,dani.flow@outlook.com,673 863 413
ART-0060,Acorde Final,ska,reino unido,128854€,acorde.final@musica.es,624406
ART-0112,Brisas del Norte  ,METAL,Brasil,196374,brisas.del.norte@musica.es,+34 656765623
ART-0026,  Los Caminantes  ,CUMBIA,Brazil,"165,722",los.caminantes@outlook.com,+34 609736572
ART-0014,vibra tropical,FOLK,España,59650€,vibra.tropical@yahoo.es,609289546999
ART-0089,Marejada,jazz,CUBA,30422,marejada@yahoo.es,624-166-826
ART-0191,Los Bohemios,FOLK,chile,84737,los.bohemios@musica.es,+34639599276
ART-0129,Quarzo,flamenco,italia,91470,correo@,+34654864099
ART-0021,Raíces,rock,Italia,284423,raices@gmail.com,+34 653826716
ART-0186,Vulcano  ,Ska,BRASIL,"152,764",vulcano@gmail.com,672920556999
ART-0177,Magnolia,reggaeton,ESPAÑA,232231,magnolia@hotmail.com,+34 663297813
ART-0203,NEPTUNO,HipHop,Venezuela,76109,neptuno@musica.es,698-678-498
ART-0036,Los Indomables,Reguetón,españa,102255,los.indomables@yahoo.es,+34671969657
ART-0190,Zarzamora,Indie,ARGENTINA,235218,zarzamora@yahoo.es,608 338 186
ART-0194,Efímero,rock,Republica Dominicana,"288,125",efimero@hotmail.com,0034615601471
ART-0099,Selva,cumbia,Argentina,248189,@dominio.com,694096984
ART-0085,Resaca,Folk,España ,67189,resaca@musica.es,+34 661327848
ART-0139,Los Alquimistas,Electronica,Rep. Dominicana,230361,-,0034650192261
ART-0174,Jazmín,SALSA,Brazil,157884,jazmin@musica.es,+34602232974
ART-0100,Mantra,Kunbia,Francia,62171€,mantra@gmail.com,+34 618 208 520
ART-0218,Los Satélites ,Kunbia,Portugal,126.460,@dominio.com,615228
